checkpoint_id,neutral_path,source_kind,source_snapshot,source_name,source_sha256
cp01,inputs\checkpoints\cp01\evidence\e001.json,launch_snapshot_evidence,tick_000027_ed793b01dd1a155c_project,001_nv23_pulsed_odmr_rabimodulated_v1_20260513_180419_pulsed_odmr_rabimodulated_v1.result.json,7f0438db5c5f86be73bc52ce13345f57d2f926428a41cfbd51d968bee3ebc623
cp01,inputs\checkpoints\cp01\evidence\e002.json,launch_snapshot_evidence,tick_000027_ed793b01dd1a155c_project,002_nv23_pulsed_odmr_rabimodulated_v1_20260513_180303.batch_state.json,b138b06faf1859b0ad3e6bc3bf89ad7bfa3f84b0f4a6c602a20f7384f6d693b4
cp01,inputs\checkpoints\cp01\evidence\e003.json,launch_snapshot_evidence,tick_000027_ed793b01dd1a155c_project,003_image145844_reimage_r03_weak_podmr_raw_review_20260513_1838.json,b822cb6d32e24972afcd0a065e9f6206fbede8833f47650000ab2745042c5c88
cp01,inputs\checkpoints\cp01\evidence\e004.json,launch_snapshot_evidence,tick_000027_ed793b01dd1a155c_project,005_image145844_reimage_r03_weak_podmr_drift_20260513_1835.json,4b3f32b6e0cd20383516658ce18082a27f636c3283463d2403f7388ffe9bac20
cp01,inputs\checkpoints\cp01\evidence\e005.json,launch_snapshot_evidence,tick_000027_ed793b01dd1a155c_project,006_image145844_reimage_r03_ramsey_t2star_model_plan_20260513_1844.json,d3e07701d1fb277cf48cd8c9e051ad8d8fd4b5e5ad4722cbdc8da6f53b7a0c4d
cp01,inputs\checkpoints\cp01\evidence\e006.json,launch_snapshot_evidence,tick_000027_ed793b01dd1a155c_project,007_image145844_reimage_r03_ramsey_t2star_advisory_preview_20260513_1844.json,c1025ad42495b7a5a3296492a23f126fb79f10562487b000b12ecc4306468d3c
cp01,inputs\checkpoints\cp01\evidence\e007.json,launch_snapshot_evidence,tick_000027_ed793b01dd1a155c_project,008_image145844_reimage_r03_ramsey_t2star_advisory_preview_20260513_1849.json,603bb13430e7de40d0daff23f322f68f441672fac9102ea0a4823393d98a94f9
cp01,inputs\checkpoints\cp01\evidence\e008.json,launch_snapshot_evidence,tick_000027_ed793b01dd1a155c_project,009_image145844_reimage_r03_ramsey_t2star_scout_submit_spec_20260513_1849.json,fc8f1b788c881504996c573e0345a2d19a1e2be976fda9f98c7c3fcd6c1e8157
cp01,inputs\checkpoints\cp01\evidence\e009.json,launch_snapshot_evidence,tick_000027_ed793b01dd1a155c_project,010_nv23_ramsey_20260513_185505_auto_ramsey.job.json,4e3604a827b4685e5610857cdf9bae67c32159ee592b64bd56a981b1cfaebe93
cp01,inputs\checkpoints\cp01\evidence\e010.json,launch_snapshot_evidence,tick_000027_ed793b01dd1a155c_project,011_nv23_ramsey_20260513_185505_auto_ramsey.status.json,f532ecf629f1590f06d99c096ce9ebea60d4db5b2ee87b681448cd5d216cb2bf
cp01,inputs\checkpoints\cp01\evidence\e011.json,launch_snapshot_evidence,tick_000027_ed793b01dd1a155c_project,012_nv23_ramsey_20260513_185407.batch_state.json,236ac2c6bbc864048d5cc1b606b7f2e84468083b6e1c17df5d227f9b3a45b323
cp01,inputs\checkpoints\cp01\measurement\m001.json,terminal_measurement_data,,image145844_reimage_r03_ramsey_t2star_raw_export_20260513_1930.json,862ac54f9b5d7661d56734bcc1e4f7533654f54ec83079e4eb2b3bc9f4929095
cp01,inputs\checkpoints\cp01\measurement\m002.json,terminal_measurement_data,,nv23_ramsey_20260513_185505_auto_ramsey.job.json,4e3604a827b4685e5610857cdf9bae67c32159ee592b64bd56a981b1cfaebe93
cp01,inputs\checkpoints\cp01\measurement\m003.json,terminal_measurement_data,,nv23_ramsey_20260513_185505_auto_ramsey.result.json,007ac2f03f857dbe4164f4a594c966063fcc99fa5b622ec46c59081774d4e7ce
cp01,inputs\checkpoints\cp01\measurement\m004.json,terminal_measurement_data,,nv23_ramsey_20260513_185505_auto_ramsey.status.json,0d990c041c46ede2de5c49c66136923dcc5f708ef8b92333e2d4542381154111
cp01,inputs\checkpoints\cp01\measurement\m005.json,terminal_measurement_data,,nv23_ramsey_20260513_185505_auto_ramsey.control.json,707bd24aa517d3e8df9ab57a004ea4112179ca0b905248b8d5e329522591c1c8
cp02,inputs\checkpoints\cp02\evidence\e001.json,launch_snapshot_evidence,tick_000037_ed793b01dd1a155c_project,001_nv23_pulsed_odmr_rabimodulated_v1_20260513_195437_pulsed_odmr_rabimodulated_v1.result.json,852b4eb22afd89bf554c5be3af99070b3fdb94c5292699e6df6936051f303286
cp02,inputs\checkpoints\cp02\evidence\e002.json,launch_snapshot_evidence,tick_000037_ed793b01dd1a155c_project,002_nv23_pulsed_odmr_rabimodulated_v1_20260513_195437_pulsed_odmr_rabimodulated_v1.status.json,3d02bdff257c4d702a64fa39f587d309de715a2b589aec711798a1d32033268a
cp02,inputs\checkpoints\cp02\evidence\e003.json,launch_snapshot_evidence,tick_000037_ed793b01dd1a155c_project,003_nv23_pulsed_odmr_rabimodulated_v1_20260513_195323.batch_state.json,33082fa60cf31f23a51d35ebdce4c16624c6cd204a6123e7b12584cd121e5112
cp02,inputs\checkpoints\cp02\evidence\e004.json,launch_snapshot_evidence,tick_000037_ed793b01dd1a155c_project,004_image145844_reimage_r03_fine_weak_podmr_raw_review_20260513_2031.json,557c49b0e407d7481da796b4c5ebf52b21d63f9d8eaa043ec044c6a1a01137ec
cp02,inputs\checkpoints\cp02\evidence\e005.json,launch_snapshot_evidence,tick_000037_ed793b01dd1a155c_project,006_image145844_reimage_r03_fine_weak_podmr_drift_20260513_2031.json,6c9b8329984353b699e144ca77cb93087e0ba7dad9a59097f8d3a1e7c4f605e1
cp02,inputs\checkpoints\cp02\evidence\e006.md,launch_snapshot_evidence,tick_000037_ed793b01dd1a155c_project,007_20260513_2031_fine_weak_podmr_terminal_review.md,7536828ba430fa1516e4e961254b61ebeafd7c4d2ad974009289cb904628f075
cp02,inputs\checkpoints\cp02\evidence\e007.json,launch_snapshot_evidence,tick_000037_ed793b01dd1a155c_project,008_image145844_reimage_r03_ramsey_det1p0_8us_8avg_model_plan_20260513_2042.json,1e9eb0325c7c35ecc838f8f2047e759a3929a48e95fabf139761d4c91902d563
cp02,inputs\checkpoints\cp02\evidence\e008.json,launch_snapshot_evidence,tick_000037_ed793b01dd1a155c_project,009_image145844_reimage_r03_ramsey_det1p0_8us_8avg_advisory_preview_20260513_2042.json,61d32cde5aa39d4331d45da7b6f6aeda8764e2930d6e62041def1c3fe18883f5
cp02,inputs\checkpoints\cp02\evidence\e009.json,launch_snapshot_evidence,tick_000037_ed793b01dd1a155c_project,010_image145844_reimage_r03_ramsey_det1p0_8us_8avg_submit_spec_20260513_2042.json,56f7c293c9209550afc4f1fe55c35609d01fd461bcb1487799538c22b6ad1349
cp02,inputs\checkpoints\cp02\evidence\e010.json,launch_snapshot_evidence,tick_000037_ed793b01dd1a155c_project,011_nv23_ramsey_20260513_204925_image145844_reimage_r03_ramsey_det1p0_8us_8avg.job.json,829fb154c8ba951d3d6f7c6e8c6ceeb0149591a71edb4c54cb7924ca50385bfd
cp02,inputs\checkpoints\cp02\evidence\e011.json,launch_snapshot_evidence,tick_000037_ed793b01dd1a155c_project,012_nv23_ramsey_20260513_204925_image145844_reimage_r03_ramsey_det1p0_8us_8avg.status.json,270b3b0e32285501d7a3abbf0ba8f598d809d283264b5826e27fe599c874b8db
cp02,inputs\checkpoints\cp02\evidence\e012.json,launch_snapshot_evidence,tick_000037_ed793b01dd1a155c_project,013_nv23_ramsey_20260513_2047.batch_state.json,d2fb957b39a006eb0f6e90b171b5ea4af03e22a3cd99b81d21f45e5006d01214
cp02,inputs\checkpoints\cp02\evidence\e013.md,launch_snapshot_evidence,tick_000037_ed793b01dd1a155c_project,014_20260513_2055_fine_podmr_review_and_second_ramsey_start.md,b6d96b7ccb3e09d612d3b9961d68795464f41ffb76a6c592984a883cdfb90458
cp02,inputs\checkpoints\cp02\measurement\m001.json,terminal_measurement_data,,image145844_reimage_r03_ramsey_det1p0_8us_terminal_raw_export_20260513_2220.json,b95597e18b95d6c0f47006759ba61ebea0ace16a3f5c3cd9b239b2829dc0b4c7
cp02,inputs\checkpoints\cp02\measurement\m002.json,terminal_measurement_data,,nv23_ramsey_20260513_204925_image145844_reimage_r03_ramsey_det1p0_8us_8avg.job.json,829fb154c8ba951d3d6f7c6e8c6ceeb0149591a71edb4c54cb7924ca50385bfd
cp02,inputs\checkpoints\cp02\measurement\m003.json,terminal_measurement_data,,nv23_ramsey_20260513_204925_image145844_reimage_r03_ramsey_det1p0_8us_8avg.result.json,0d5c7b232e4d2f9763f0714a3686c95e9cb3378f9a29a7a727ea2e527323212b
cp02,inputs\checkpoints\cp02\measurement\m004.json,terminal_measurement_data,,nv23_ramsey_20260513_204925_image145844_reimage_r03_ramsey_det1p0_8us_8avg.status.json,77c6031f7a4af3221996f0c9c9efaf9e1a9227cc375b276675b34e095cada1fb
cp02,inputs\checkpoints\cp02\measurement\m005.json,terminal_measurement_data,,nv23_ramsey_20260513_204925_image145844_reimage_r03_ramsey_det1p0_8us_8avg.control.json,aead475f0ebf6340dfb213d92eb779f45e40b06566fddd83fb0ec72b2bb1468a
cp03,inputs\checkpoints\cp03\evidence\e001.json,launch_snapshot_evidence,tick_000048_ed793b01dd1a155c_project,002_image145844_reimage_r03_ramsey_det1p0_8us_terminal_raw_export_20260513_2220.json,b95597e18b95d6c0f47006759ba61ebea0ace16a3f5c3cd9b239b2829dc0b4c7
cp03,inputs\checkpoints\cp03\evidence\e002.json,launch_snapshot_evidence,tick_000048_ed793b01dd1a155c_project,003_image145844_reimage_r03_ramsey_det1p0_8us_terminal_drift_20260513_2220.json,ee441df44bbcba2e5608d5320a7d55db3bb56236cd8548e041c1df77e02cf00d
cp03,inputs\checkpoints\cp03\evidence\e003.json,launch_snapshot_evidence,tick_000048_ed793b01dd1a155c_project,004_image145844_reimage_r03_ramsey_det1p0_8us_terminal_review_20260513_2220.json,0aabc5ac371b73fd81f0b56aec8de4f4c39f2360e4443c2d0c1579cb63a448ef
cp03,inputs\checkpoints\cp03\evidence\e004.json,launch_snapshot_evidence,tick_000048_ed793b01dd1a155c_project,006_nv23_ramsey_20260513_204925_image145844_reimage_r03_ramsey_det1p0_8us_8avg.result.json,0d5c7b232e4d2f9763f0714a3686c95e9cb3378f9a29a7a727ea2e527323212b
cp03,inputs\checkpoints\cp03\evidence\e005.json,launch_snapshot_evidence,tick_000048_ed793b01dd1a155c_project,007_nv23_ramsey_20260513_2047.batch_state.json,d2fb957b39a006eb0f6e90b171b5ea4af03e22a3cd99b81d21f45e5006d01214
cp03,inputs\checkpoints\cp03\evidence\e006.json,launch_snapshot_evidence,tick_000048_ed793b01dd1a155c_project,008_image145844_reimage_r03_ramsey_shorttau_model_plan_20260513_2257.json,5f7466bd84f6fa22d834819b969ae5a10ec5433c8b250a10802b80383a95bfe8
cp03,inputs\checkpoints\cp03\evidence\e007.json,launch_snapshot_evidence,tick_000048_ed793b01dd1a155c_project,009_image145844_reimage_r03_ramsey_shorttau_48ns_1968ns_12x90k_submit_spec_20260513_2257.json,e03123c459ba857963df502e0cfe43bbd0e21934fefc662cf3a16a2939a6e27b
cp03,inputs\checkpoints\cp03\evidence\e008.json,launch_snapshot_evidence,tick_000048_ed793b01dd1a155c_project,010_response.json,5601e1e68b3e79d8416c64af948b5fa74891c60e3334c8602fab974931293b99
cp03,inputs\checkpoints\cp03\evidence\e009.json,launch_snapshot_evidence,tick_000048_ed793b01dd1a155c_project,011_image145844_reimage_r03_ramsey_shorttau_48ns_1968ns_12x90k_20260513_2257.json,059cda8d400ac719a39eca6a7f5efe5ea7473a06bbb4446e51f99bb155a1f221
cp03,inputs\checkpoints\cp03\evidence\e010.json,launch_snapshot_evidence,tick_000048_ed793b01dd1a155c_project,012_nv23_ramsey_20260513_230331_auto_ramsey.job.json,1b6978dea79495ce63155e32c07bf0c44a58fc77cc5645ec0d083b60b523b859
cp03,inputs\checkpoints\cp03\evidence\e011.json,launch_snapshot_evidence,tick_000048_ed793b01dd1a155c_project,013_nv23_ramsey_20260513_230331_auto_ramsey.status.json,82df5a493c5759cb5a30da61e1b1e7771239f125dd0150d92bdc703b2e52a5c0
cp03,inputs\checkpoints\cp03\evidence\e012.json,launch_snapshot_evidence,tick_000048_ed793b01dd1a155c_project,014_nv23_ramsey_20260513_230331_auto_ramsey.control.json,b86509ae64e438dd15971128ab60b3924151953b3eafb57517bfb794dbb62b1c
cp03,inputs\checkpoints\cp03\evidence\e013.json,launch_snapshot_evidence,tick_000048_ed793b01dd1a155c_project,015_nv23_ramsey_20260513_230232.batch_spec.json,730a2aa72ea49e2c3e1c8b81a19cee79b73e5148fb1344fdc110d603d791099f
cp03,inputs\checkpoints\cp03\evidence\e014.json,launch_snapshot_evidence,tick_000048_ed793b01dd1a155c_project,016_nv23_ramsey_20260513_230232.batch_state.json,08349db6eee2f2b79bab5d8faf9084f4ed81f729329010a32465c583fde3298c
cp03,inputs\checkpoints\cp03\evidence\e015.json,launch_snapshot_evidence,tick_000048_ed793b01dd1a155c_project,017_nv23_ramsey_20260513_230511_image145844_reimage_r03_ramsey_shorttau_48ns_1968ns_12x90k.cancellation_note.json,4ecf970ed8303b9b2471ac7513b59cc4f165879e3c13b71bdaee0dca89fda180
cp03,inputs\checkpoints\cp03\evidence\e016.json,launch_snapshot_evidence,tick_000048_ed793b01dd1a155c_project,018_nv23_ramsey_20260513_230511_image145844_reimage_r03_ramsey_shorttau_48ns_1968ns_12x90k.canceled_job.json,fd1f2fbb6fb0703b9bfc972024dc665a3fd845860d50ad8495b930426ec52918
cp03,inputs\checkpoints\cp03\evidence\e017.md,launch_snapshot_evidence,tick_000048_ed793b01dd1a155c_project,019_20260513_2257_shorttau_ramsey_design_and_start.md,81236602d09126b7b728d9aaa37e952e177c944d66b9050b61b70b4fbd14b065
cp03,inputs\checkpoints\cp03\measurement\m001.json,terminal_measurement_data,,image145844_reimage_r03_ramsey_shorttau_terminal_raw_export_20260514_0127.json,e0c6186b7c7d5a124c0af38305d2b03994098736985e0186d6458548b7e7c9b0
cp03,inputs\checkpoints\cp03\measurement\m002.json,terminal_measurement_data,,nv23_ramsey_20260513_230331_auto_ramsey.job.json,1b6978dea79495ce63155e32c07bf0c44a58fc77cc5645ec0d083b60b523b859
cp03,inputs\checkpoints\cp03\measurement\m003.json,terminal_measurement_data,,nv23_ramsey_20260513_230331_auto_ramsey.result.json,a5753ef9ec2602bfb3d3b76a90f1b0949fbefcdd4f2f80fd3f822b2c42d57f28
cp03,inputs\checkpoints\cp03\measurement\m004.json,terminal_measurement_data,,nv23_ramsey_20260513_230331_auto_ramsey.status.json,c224628acc9f616b3db21df5505e02e765aeac911d400c35b4023eaf592614d7
cp03,inputs\checkpoints\cp03\measurement\m005.json,terminal_measurement_data,,nv23_ramsey_20260513_230331_auto_ramsey.control.json,b86509ae64e438dd15971128ab60b3924151953b3eafb57517bfb794dbb62b1c
cp04,inputs\checkpoints\cp04\evidence\e001.json,launch_snapshot_evidence,tick_000058_ed793b01dd1a155c_project,001_image145844_reimage_r03_ramsey_shorttau_autosave_10avg_raw_export_20260514_0107.json,313f260c8b3e5d1d6e55e12f94ada824ac149ff6c7dac217496805534f2a361a
cp04,inputs\checkpoints\cp04\evidence\e002.json,launch_snapshot_evidence,tick_000058_ed793b01dd1a155c_project,002_image145844_reimage_r03_ramsey_shorttau_autosave_10avg_review_20260514_0107.json,b183381f081c21a88886b8d1daf8c71c440bf0ab48536fb3684da4c5f1f47a31
cp04,inputs\checkpoints\cp04\evidence\e003.json,launch_snapshot_evidence,tick_000058_ed793b01dd1a155c_project,003_image145844_reimage_r03_ramsey_shorttau_status_record_20260514_0107.json,a121646e072617bc8b0a0c7a6bac7224b95fc0036daa3843da74cd0db53fc794
cp04,inputs\checkpoints\cp04\evidence\e004.json,launch_snapshot_evidence,tick_000058_ed793b01dd1a155c_project,004_image145844_reimage_r03_ramsey_shorttau_status_record_20260514_0117.json,dbb95455f438a3c0f2405043cb94c2ee366bda6828293b728686801b88d7925b
cp04,inputs\checkpoints\cp04\evidence\e005.md,launch_snapshot_evidence,tick_000058_ed793b01dd1a155c_project,006_20260514_0107_shorttau_ramsey_10avg_autosave_refresh.md,2142f47890276786c68a22cf87ba6b49a8dc9294abd0556c28470e6991635d61
cp04,inputs\checkpoints\cp04\evidence\e006.json,launch_snapshot_evidence,tick_000058_ed793b01dd1a155c_project,007_image145844_reimage_r03_ramsey_shorttau_terminal_raw_export_20260514_0127.json,e0c6186b7c7d5a124c0af38305d2b03994098736985e0186d6458548b7e7c9b0
cp04,inputs\checkpoints\cp04\evidence\e007.json,launch_snapshot_evidence,tick_000058_ed793b01dd1a155c_project,008_image145844_reimage_r03_ramsey_shorttau_terminal_drift_20260514_0127.json,9e8a1cfc5e77fd00ce4cbf3bcff9a462189b182e6ba6f1dcfc5c5ce5badd9230
cp04,inputs\checkpoints\cp04\evidence\e008.json,launch_snapshot_evidence,tick_000058_ed793b01dd1a155c_project,009_image145844_reimage_r03_ramsey_shorttau_terminal_review_20260514_0127.json,e22a47352a93e3fab5e79ad14639032a2241214814f9569b166db125cab6f8ae
cp04,inputs\checkpoints\cp04\evidence\e009.py,launch_snapshot_evidence,tick_000058_ed793b01dd1a155c_project,010_review_shorttau_terminal_20260514_0127.py,675f91013cd84de496361d70da108efcdf58e62be3d0c403a9158e91113571df
cp04,inputs\checkpoints\cp04\evidence\e010.json,launch_snapshot_evidence,tick_000058_ed793b01dd1a155c_project,012_nv23_ramsey_20260513_230331_auto_ramsey.job.json,1b6978dea79495ce63155e32c07bf0c44a58fc77cc5645ec0d083b60b523b859
cp04,inputs\checkpoints\cp04\evidence\e011.json,launch_snapshot_evidence,tick_000058_ed793b01dd1a155c_project,013_nv23_ramsey_20260513_230331_auto_ramsey.result.json,a5753ef9ec2602bfb3d3b76a90f1b0949fbefcdd4f2f80fd3f822b2c42d57f28
cp04,inputs\checkpoints\cp04\evidence\e012.json,launch_snapshot_evidence,tick_000058_ed793b01dd1a155c_project,014_nv23_ramsey_20260513_230331_auto_ramsey.status.json,c224628acc9f616b3db21df5505e02e765aeac911d400c35b4023eaf592614d7
cp04,inputs\checkpoints\cp04\evidence\e013.json,launch_snapshot_evidence,tick_000058_ed793b01dd1a155c_project,015_nv23_ramsey_20260513_230331_auto_ramsey.control.json,b86509ae64e438dd15971128ab60b3924151953b3eafb57517bfb794dbb62b1c
cp04,inputs\checkpoints\cp04\evidence\e014.log,launch_snapshot_evidence,tick_000058_ed793b01dd1a155c_project,016_nv23_ramsey_20260513_230331_auto_ramsey.bridge.log,6003167c67e492ad42fafed56fc87d0217b07fcf85f8fa10076944bec666ee29
cp04,inputs\checkpoints\cp04\evidence\e015.log,launch_snapshot_evidence,tick_000058_ed793b01dd1a155c_project,017_nv23_ramsey_20260513_230331_auto_ramsey.matlab_command_window.log,aaceb186dc7b3b5e2976a7b3c78e6588872d3afce31a3c4c7b0588f878d626a1
cp04,inputs\checkpoints\cp04\evidence\e016.json,launch_snapshot_evidence,tick_000058_ed793b01dd1a155c_project,018_nv23_ramsey_20260513_230232.batch_spec.json,730a2aa72ea49e2c3e1c8b81a19cee79b73e5148fb1344fdc110d603d791099f
cp04,inputs\checkpoints\cp04\evidence\e017.json,launch_snapshot_evidence,tick_000058_ed793b01dd1a155c_project,019_nv23_ramsey_20260513_230232.batch_state.json,d6bf17db808459232ff0641b082fca3392cfaecced4b0f90d60b757021dd6636
cp04,inputs\checkpoints\cp04\evidence\e018.json,launch_snapshot_evidence,tick_000058_ed793b01dd1a155c_project,020_nv23_ramsey_20260513_230232.batch_control.json,c532db5c17ccab818b555b32ac2c5b07f480ffa14e19fc06bf62b8d0bd37b715
cp04,inputs\checkpoints\cp04\evidence\e019.json,launch_snapshot_evidence,tick_000058_ed793b01dd1a155c_project,021_image145844_reimage_r03_ramsey_det1p5_shiftcheck_model_plan_20260514_0142.json,3a7059dc6e79037a1cb09c650974779a45fed2786acb7822e2238812b9dbc8ce
cp04,inputs\checkpoints\cp04\evidence\e020.json,launch_snapshot_evidence,tick_000058_ed793b01dd1a155c_project,022_image145844_reimage_r03_ramsey_det1p5_shiftcheck_advisory_preview_20260514_0142.json,ef9a252b68b0db809a2f306c552c8b82ce68523e262c38086b96957e6b4cf959
cp04,inputs\checkpoints\cp04\evidence\e021.json,launch_snapshot_evidence,tick_000058_ed793b01dd1a155c_project,023_image145844_reimage_r03_ramsey_det1p5_shiftcheck_shorttau_20260514_0142.json,b501bc167d7375f730b52e6737381222e3a40c130b0ebb623a5c6ce1d2cae3c5
cp04,inputs\checkpoints\cp04\evidence\e022.json,launch_snapshot_evidence,tick_000058_ed793b01dd1a155c_project,024_image145844_reimage_r03_ramsey_det1p5_shiftcheck_submit_spec_20260514_0142.json,a16e18f6b5adad9375fe50bd80c818eb93190d11d66f2ac8e711327fc4777373
cp04,inputs\checkpoints\cp04\evidence\e023.json,launch_snapshot_evidence,tick_000058_ed793b01dd1a155c_project,025_nv23_ramsey_20260514_015423_auto_ramsey.job.json,7e998609e17d146e988fa52f85948e5988bb0ddae932c2ddb7ea6df677cf20bd
cp04,inputs\checkpoints\cp04\evidence\e024.json,launch_snapshot_evidence,tick_000058_ed793b01dd1a155c_project,026_nv23_ramsey_20260514_015423_auto_ramsey.status.json,4d5bb4b621b435b1b3dd4f8c48c310798661ccb469bac79d3a368977e8d05900
cp04,inputs\checkpoints\cp04\evidence\e025.json,launch_snapshot_evidence,tick_000058_ed793b01dd1a155c_project,027_nv23_ramsey_20260514_015423_auto_ramsey.control.json,b830d30a904f9d3ae3fd5f631cd6d37b3db05f4febc776821efe172982cc25e2
cp04,inputs\checkpoints\cp04\evidence\e026.log,launch_snapshot_evidence,tick_000058_ed793b01dd1a155c_project,028_nv23_ramsey_20260514_015423_auto_ramsey.bridge.log,ed7769783f3aeaf413a7d60d6fc6d2728b642263007adf2976ed8df0e2f10e4b
cp04,inputs\checkpoints\cp04\evidence\e027.log,launch_snapshot_evidence,tick_000058_ed793b01dd1a155c_project,029_nv23_ramsey_20260514_015423_auto_ramsey.matlab_command_window.log,baad63ed14e09d96f3eac17ed0cb836e298ce2f5f14d16a47f58d9875268e8e7
cp04,inputs\checkpoints\cp04\evidence\e028.json,launch_snapshot_evidence,tick_000058_ed793b01dd1a155c_project,030_nv23_ramsey_20260514_015303.batch_spec.json,97f6288f1126fbe763e54b92bdd01d6fd51b58942d82c26fb802ed13439dc814
cp04,inputs\checkpoints\cp04\evidence\e029.json,launch_snapshot_evidence,tick_000058_ed793b01dd1a155c_project,031_nv23_ramsey_20260514_015303.batch_state.json,c5e8b2443cfbc6009f6684124628fdbd3c5caeffe25f5fc7ddf6accb64be9745
cp04,inputs\checkpoints\cp04\evidence\e030.json,launch_snapshot_evidence,tick_000058_ed793b01dd1a155c_project,032_nv23_ramsey_20260514_015303.batch_control.json,0fe74f7910e82d7c5739fba731ffb14051283b895ee5f75b3a7713577a6ba31d
cp04,inputs\checkpoints\cp04\measurement\m001.json,terminal_measurement_data,,image145844_reimage_r03_ramsey_det1p5_shiftcheck_terminal_raw_export_20260514_0424.json,1da8cedcf277ce4759acee927df94a1918378d6783696ecc56c2a7e95e682ce8
cp04,inputs\checkpoints\cp04\measurement\m002.json,terminal_measurement_data,,nv23_ramsey_20260514_015423_auto_ramsey.job.json,7e998609e17d146e988fa52f85948e5988bb0ddae932c2ddb7ea6df677cf20bd
cp04,inputs\checkpoints\cp04\measurement\m003.json,terminal_measurement_data,,nv23_ramsey_20260514_015423_auto_ramsey.result.json,71ba0a0de657203bf77bfbd141acefc55365878755df0a2fc46369113633426c
cp04,inputs\checkpoints\cp04\measurement\m004.json,terminal_measurement_data,,nv23_ramsey_20260514_015423_auto_ramsey.status.json,9066603e60682962b1a25186b097b03ce4f0e64784cb0803b8e1556adc22a554
cp04,inputs\checkpoints\cp04\measurement\m005.json,terminal_measurement_data,,nv23_ramsey_20260514_015423_auto_ramsey.control.json,b830d30a904f9d3ae3fd5f631cd6d37b3db05f4febc776821efe172982cc25e2
cp05,inputs\checkpoints\cp05\evidence\e001.json,launch_snapshot_evidence,tick_000076_ed793b01dd1a155c_project,002_image145844_reimage_r03_fine_weak_podmr_refresh_after_detshift_terminal_review_20260514_0523.json,d8b8b1b0ea821dbb2f50cc0430af8490f87d3f79e69454281f4fc19a59164977
cp05,inputs\checkpoints\cp05\evidence\e002.json,launch_snapshot_evidence,tick_000076_ed793b01dd1a155c_project,004_image145844_reimage_r03_fine_weak_podmr_refresh_after_detshift_terminal_raw_export_20260514_0523.json,45d15101ed31454d00723fa977f16dddbb58825ba2ed4cd0e9a6d69bc3b1ca89
cp05,inputs\checkpoints\cp05\evidence\e003.json,launch_snapshot_evidence,tick_000076_ed793b01dd1a155c_project,005_image145844_reimage_r03_fine_weak_podmr_refresh_after_detshift_terminal_drift_20260514_0523.json,ab8abcede01c804cc502f6360fc3d2c572c07792e74689f5dd93bb7c95ae5882
cp05,inputs\checkpoints\cp05\evidence\e004.py,launch_snapshot_evidence,tick_000076_ed793b01dd1a155c_project,006_review_podmr_refresh_terminal_20260514_0520.py,4fa459bc15276df8b6201f20877c2130a78f03c33388322c0b6a80be04c5aafa
cp05,inputs\checkpoints\cp05\evidence\e005.json,launch_snapshot_evidence,tick_000076_ed793b01dd1a155c_project,007_nv23_pulsed_odmr_rabimodulated_v1_20260514_044105_pulsed_odmr_rabimodulated_v1.job.json,4107fced46702bf908faa3865e84c1c955b409e1dfaabad1edc0f7f100742077
cp05,inputs\checkpoints\cp05\evidence\e006.json,launch_snapshot_evidence,tick_000076_ed793b01dd1a155c_project,008_nv23_pulsed_odmr_rabimodulated_v1_20260514_044105_pulsed_odmr_rabimodulated_v1.result.json,13671b3ec78eb6543911b6de28a95744867a46c49cdb92bbc7ba9c6ed2bdd46c
cp05,inputs\checkpoints\cp05\evidence\e007.json,launch_snapshot_evidence,tick_000076_ed793b01dd1a155c_project,009_nv23_pulsed_odmr_rabimodulated_v1_20260514_044105_pulsed_odmr_rabimodulated_v1.status.json,3ceb66ba87b2ecf336e8bf8070cae2e1d11770a49b88f4aee58510506ca343fa
cp05,inputs\checkpoints\cp05\evidence\e008.json,launch_snapshot_evidence,tick_000076_ed793b01dd1a155c_project,010_nv23_pulsed_odmr_rabimodulated_v1_20260514_044105_pulsed_odmr_rabimodulated_v1.control.json,604dc338d05d23e9d90c8e79a85772146e898a4c5f4d5362e2dd50e0dd5a1a1d
cp05,inputs\checkpoints\cp05\evidence\e009.log,launch_snapshot_evidence,tick_000076_ed793b01dd1a155c_project,011_nv23_pulsed_odmr_rabimodulated_v1_20260514_044105_pulsed_odmr_rabimodulated_v1.bridge.log,e70736b37ec4aab063c1c7a0217e5e3d11d0c7fe1df7aa4cc7f15c369d56950a
cp05,inputs\checkpoints\cp05\evidence\e010.log,launch_snapshot_evidence,tick_000076_ed793b01dd1a155c_project,012_nv23_pulsed_odmr_rabimodulated_v1_20260514_044105_pulsed_odmr_rabimodulated_v1.matlab_command_window.log,ea3eb96ab3bbab716558d5ff0cbd015303254c3490744f3b37a0e3f5a423f9b9
cp05,inputs\checkpoints\cp05\evidence\e011.json,launch_snapshot_evidence,tick_000076_ed793b01dd1a155c_project,013_nv23_pulsed_odmr_rabimodulated_v1_20260514_043948.batch_spec.json,0eba89259eeacfcdff70575dd6337209185188dfe55b7c764286cedb2541c96b
cp05,inputs\checkpoints\cp05\evidence\e012.json,launch_snapshot_evidence,tick_000076_ed793b01dd1a155c_project,014_nv23_pulsed_odmr_rabimodulated_v1_20260514_043948.batch_state.json,afdfb2d431e316b9dc8064ecb8a98fdc6a75807e1aac1357f2e2fb59ff3566b2
cp05,inputs\checkpoints\cp05\evidence\e013.json,launch_snapshot_evidence,tick_000076_ed793b01dd1a155c_project,015_nv23_pulsed_odmr_rabimodulated_v1_20260514_043948.batch_control.json,5dac2c107b4655f66ed4c9fbfa466ce7a9e3bdafc03eb8695b7ab7fa4baa9878
cp05,inputs\checkpoints\cp05\evidence\e014.json,launch_snapshot_evidence,tick_000076_ed793b01dd1a155c_project,016_image145844_reimage_r03_ramsey_refreshed_center_det1p5_8us_model_plan_20260514_0540.json,bcfb754e1e7e867e8d2ec49324432d075388f7c8326cac34bacc46e9e7f61a60
cp05,inputs\checkpoints\cp05\evidence\e015.json,launch_snapshot_evidence,tick_000076_ed793b01dd1a155c_project,017_image145844_reimage_r03_ramsey_refreshed_center_det1p5_8us_advisory_preview_20260514_0540.json,22b8cae3ca900e2d39c76a6a0ee46c9b5315ca6db02ec9d375346bc59e6b6bfb
cp05,inputs\checkpoints\cp05\evidence\e016.json,launch_snapshot_evidence,tick_000076_ed793b01dd1a155c_project,018_image145844_reimage_r03_ramsey_refreshed_center_det1p5_8us_submit_spec_20260514_0540.json,5c45c7dfc763ef9ab58da0ef30b5959ad86c6cd22850c2a4af55b3a6b4621cd1
cp05,inputs\checkpoints\cp05\evidence\e017.json,launch_snapshot_evidence,tick_000076_ed793b01dd1a155c_project,019_nv23_ramsey_20260514_055148_auto_ramsey.job.json,c64035afc017939608606047b548c75127eaf28ccb6f23291a1d12c29db95508
cp05,inputs\checkpoints\cp05\evidence\e018.json,launch_snapshot_evidence,tick_000076_ed793b01dd1a155c_project,020_nv23_ramsey_20260514_055148_auto_ramsey.status.json,d0312be86cb65b84f93a18034b7d6d7b60c2c92dcf7a9a7b3bfcd4ac08b6a3ef
cp05,inputs\checkpoints\cp05\evidence\e019.json,launch_snapshot_evidence,tick_000076_ed793b01dd1a155c_project,021_nv23_ramsey_20260514_055148_auto_ramsey.control.json,fc082c67801e269b91dcc523a0dc3b20226e7d567e5f23110b98325e5c1255dd
cp05,inputs\checkpoints\cp05\evidence\e020.log,launch_snapshot_evidence,tick_000076_ed793b01dd1a155c_project,022_nv23_ramsey_20260514_055148_auto_ramsey.bridge.log,b0a8814d8fec38ca7189d0fda9d57550dbc3b52024f9024e89c8221a77caa825
cp05,inputs\checkpoints\cp05\evidence\e021.log,launch_snapshot_evidence,tick_000076_ed793b01dd1a155c_project,023_nv23_ramsey_20260514_055148_auto_ramsey.matlab_command_window.log,b82119470bfc4b7ec0d448f6292e22c82b832871f436b26d3a58a74deb77474e
cp05,inputs\checkpoints\cp05\evidence\e022.json,launch_snapshot_evidence,tick_000076_ed793b01dd1a155c_project,024_nv23_ramsey_20260514_055021.batch_spec.json,aec80d53cff808a9b398a49543d75cad8c1e6eb980aac95a235a09224c2c476d
cp05,inputs\checkpoints\cp05\evidence\e023.json,launch_snapshot_evidence,tick_000076_ed793b01dd1a155c_project,025_nv23_ramsey_20260514_055021.batch_state.json,57fbdc9939ecc349f12e9645d6415c3b51eefbcf55ab4553b3d418a28f451651
cp05,inputs\checkpoints\cp05\evidence\e024.json,launch_snapshot_evidence,tick_000076_ed793b01dd1a155c_project,026_nv23_ramsey_20260514_055021.batch_control.json,8a5a1a8f91487b15edcfa5398372236ff82721f1cca0ce17c1b0f88eab3a52cf
cp05,inputs\checkpoints\cp05\measurement\m001.json,terminal_measurement_data,,image145844_reimage_r03_ramsey_refreshed_center_terminal_raw_export_20260514_0938.json,56eeacd4358defa1eb7d0290a8fd79cb0d4db9dfe8bcfc07e1fd4ed2e86bf7fc
cp05,inputs\checkpoints\cp05\measurement\m002.json,terminal_measurement_data,,nv23_ramsey_20260514_055148_auto_ramsey.job.json,c64035afc017939608606047b548c75127eaf28ccb6f23291a1d12c29db95508
cp05,inputs\checkpoints\cp05\measurement\m003.json,terminal_measurement_data,,nv23_ramsey_20260514_055148_auto_ramsey.result.json,1b839929afc7ce504bf7372c51565886b4195e484e07469ed7806523a945b944
cp05,inputs\checkpoints\cp05\measurement\m004.json,terminal_measurement_data,,nv23_ramsey_20260514_055148_auto_ramsey.status.json,d79b4c595f78e839909a5335acf5b269600ff913d7d0da42755d10230e1f44f0
cp05,inputs\checkpoints\cp05\measurement\m005.json,terminal_measurement_data,,nv23_ramsey_20260514_055148_auto_ramsey.control.json,fc082c67801e269b91dcc523a0dc3b20226e7d567e5f23110b98325e5c1255dd
